{
  "n_registered": 12,
  "n_total_photos": 14,
  "unregistered": [
    "09_diagonal_left_bw.jpg",
    "10_diagonal_left.jpg"
  ],
  "cameras": {
    "01_front_clean.jpg": {
      "R": [
        [
          1.0,
          0.0,
          0.0
        ],
        [
          0.0,
          1.0,
          0.0
        ],
        [
          0.0,
          0.0,
          1.0
        ]
      ],
      "t": [
        0.0,
        0.0,
        0.0
      ],
      "f": 1147.2,
      "n_pts_used": null,
      "reproj_mean_px": 4.759122557310216,
      "provisional": false
    },
    "04_front_elevated.jpg": {
      "R": [
        [
          0.9867645292380965,
          -0.03974481442728484,
          -0.1572135921721097
        ],
        [
          0.03587821304052007,
          0.9989816383297762,
          -0.0273576334681069
        ],
        [
          0.158140815941163,
          0.02135499955740853,
          0.9871856189832621
        ]
      ],
      "t": [
        0.15601383862192514,
        -0.12660225822668883,
        1.419434830451509
      ],
      "f": 910.8294197726906,
      "n_pts_used": null,
      "reproj_mean_px": 5.474575816430805,
      "provisional": false
    },
    "14_front_pikiwiki.png": {
      "R": [
        [
          0.9954487291148812,
          0.006738837241897789,
          -0.09506006404476618
        ],
        [
          -0.009076478337115836,
          0.9996664099994453,
          -0.024180286595007188
        ],
        [
          0.09486540594212257,
          0.024933046172660667,
          0.9951778222830271
        ]
      ],
      "t": [
        0.0631197363945617,
        -0.04678786140791379,
        0.3742207138454084
      ],
      "f": 780.2038028528598,
      "n_pts_used": null,
      "reproj_mean_px": 2.0048570032669644,
      "provisional": false
    },
    "02_front_wide.jpg": {
      "R": [
        [
          0.9883992170014579,
          0.000615193487830844,
          -0.15187695469648196
        ],
        [
          0.00016289527929007393,
          0.9999869272399527,
          0.0051106569367861685
        ],
        [
          0.15187811328836257,
          -0.0050761093536355285,
          0.9883861956835481
        ]
      ],
      "t": [
        0.15914022228029026,
        -0.06571435754251181,
        1.4063073237555948
      ],
      "f": 686.8558126123359,
      "n_pts_used": null,
      "reproj_mean_px": 3.725141093859702,
      "provisional": false
    },
    "05_front_center.jpg": {
      "R": [
        [
          0.9995431934646763,
          0.01716451590171178,
          -0.024875365169109452
        ],
        [
          -0.020865661231898557,
          0.9873578332717192,
          -0.1571277609409984
        ],
        [
          0.021863864703942575,
          0.1575750248955582,
          0.9872649507347924
        ]
      ],
      "t": [
        0.09072684785595307,
        -0.0969250128559848,
        0.36548050531500836
      ],
      "f": 820.2918311602082,
      "n_pts_used": null,
      "reproj_mean_px": 3.4619409446528895,
      "provisional": false
    },
    "03_front_postcard.jpg": {
      "R": [
        [
          0.9954119796079105,
          0.002211802514541706,
          -0.09565614869258292
        ],
        [
          -0.0006070339551090083,
          0.999858647527273,
          0.01680227587886832
        ],
        [
          0.0956797907754726,
          -0.01666712016423121,
          0.9952726183024393
        ]
      ],
      "t": [
        0.076782410356394,
        -0.08019521549752227,
        0.388131628847224
      ],
      "f": 4247.878525744761,
      "n_pts_used": null,
      "reproj_mean_px": 1.6824607576856885,
      "provisional": false
    },
    "06_front_flags.jpg": {
      "R": [
        [
          0.9984538380961243,
          0.017572428795085197,
          -0.05273654271337953
        ],
        [
          -0.019437805867477263,
          0.9991958207511932,
          -0.035069694843378726
        ],
        [
          0.05207787336457499,
          0.036040554096615926,
          0.9979924716981748
        ]
      ],
      "t": [
        -0.02394926204324168,
        -0.11691667111612916,
        0.9179867156363116
      ],
      "f": 1671.9274261264527,
      "n_pts_used": null,
      "reproj_mean_px": 2.413730567113433,
      "provisional": false
    },
    "12_front_trees.jpg": {
      "R": [
        [
          0.9978893203929958,
          0.013625189866367963,
          -0.0634921920137454
        ],
        [
          -0.01321651731379083,
          0.9998891796699189,
          0.006852156529961429
        ],
        [
          0.06357851772178366,
          -0.005998548167869423,
          0.9979588115268979
        ]
      ],
      "t": [
        0.04719359952696333,
        -0.020656896610315018,
        0.22537079027435744
      ],
      "f": 830.6809273042154,
      "n_pts_used": null,
      "reproj_mean_px": 3.357907559425034,
      "provisional": false
    },
    "13_front_heavy_trees.jpg": {
      "R": [
        [
          0.9910311338489911,
          -0.001120658782116945,
          -0.13362647890997217
        ],
        [
          0.006866888384536433,
          0.9990707794112715,
          0.042549072498337434
        ],
        [
          0.13345462744280354,
          -0.043085053678143664,
          0.9901179427541216
        ]
      ],
      "t": [
        0.09901646036246979,
        -0.03472557821630947,
        0.7502229993696666
      ],
      "f": 666.1959572893974,
      "n_pts_used": null,
      "reproj_mean_px": 2.1169484911772556,
      "provisional": false
    },
    "07_diagonal_left.jpg": {
      "R": [
        [
          0.8615192531701628,
          -0.20658897813422747,
          0.46379475043447904
        ],
        [
          0.2155734879419429,
          0.9758866486724808,
          0.03425376241143606
        ],
        [
          -0.45968755444722453,
          0.07047157622935502,
          0.8852802433298058
        ]
      ],
      "t": [
        -0.6966201543936803,
        -0.10364920653449562,
        0.3795178709652061
      ],
      "f": 860.4,
      "n_pts_used": 19,
      "reproj_mean_px": 6.276256403459144,
      "provisional": false
    },
    "08_diagonal_right_soft.jpg": {
      "R": [
        [
          0.9948089654966106,
          0.06852608980549237,
          -0.07522830041635284
        ],
        [
          -0.06961407608810778,
          0.9975026149388636,
          -0.011933716961970023
        ],
        [
          0.07422265542246909,
          0.017108717254629754,
          0.9970949248772348
        ]
      ],
      "t": [
        0.10217249809118595,
        -0.07277198444799347,
        0.5492718225851597
      ],
      "f": 300.0,
      "n_pts_used": 18,
      "reproj_mean_px": 11.032483724497242,
      "provisional": true
    },
    "11_side_right.jpg": {
      "R": [
        [
          0.9793290619134705,
          0.18220667710211008,
          -0.08783686760745342
        ],
        [
          -0.1891579283362398,
          0.9787950402589165,
          -0.07861009675663856
        ],
        [
          0.07165100584935204,
          0.09360019222177644,
          0.9930282661519876
        ]
      ],
      "t": [
        -0.025681400987643772,
        0.054569036435486024,
        -0.22401027200794624
      ],
      "f": 295.2,
      "n_pts_used": 13,
      "reproj_mean_px": 13.38157867021078,
      "provisional": true
    }
  }
}