{
  "n_registered": 9,
  "n_total_photos": 14,
  "unregistered": [
    "07_diagonal_left.jpg",
    "08_diagonal_right_soft.jpg",
    "09_diagonal_left_bw.jpg",
    "10_diagonal_left.jpg",
    "11_side_right.jpg"
  ],
  "cameras": {
    "01_front_clean.jpg": {
      "R": [
        [
          1.0,
          0.0,
          0.0
        ],
        [
          0.0,
          1.0,
          0.0
        ],
        [
          0.0,
          0.0,
          1.0
        ]
      ],
      "t": [
        0.0,
        0.0,
        0.0
      ],
      "f": 1147.2,
      "n_pts_used": null,
      "reproj_mean_px": null
    },
    "04_front_elevated.jpg": {
      "R": [
        [
          0.9774981005881761,
          -0.03809764744432452,
          -0.20747537831202018
        ],
        [
          0.021361570622269614,
          0.9963772417820927,
          -0.08231692024886782
        ],
        [
          0.20985982618657087,
          0.07603263324334211,
          0.9747706868977059
        ]
      ],
      "t": [
        0.19932668687369728,
        -0.012488701015097109,
        0.9798535116265648
      ],
      "f": 883.1999999999999,
      "n_pts_used": null,
      "reproj_mean_px": null
    },
    "14_front_pikiwiki.png": {
      "R": [
        [
          0.9907862131486473,
          -0.017602221072397332,
          -0.13428641646823788
        ],
        [
          0.007236950961247204,
          0.9969824819336939,
          -0.07728879128383255
        ],
        [
          0.13524165917108188,
          0.07560484462420267,
          0.9879238842613347
        ]
      ],
      "t": [
        0.11124464802380578,
        0.04380206110465173,
        0.23839058627644436
      ],
      "f": 768.0,
      "n_pts_used": 24,
      "reproj_mean_px": 4.577310918613034
    },
    "02_front_wide.jpg": {
      "R": [
        [
          0.9822613660255605,
          -0.006926708908336699,
          -0.18738897917780165
        ],
        [
          0.000734110981692046,
          0.999451908096697,
          -0.03309598892521763
        ],
        [
          0.1875155190768647,
          0.032371346984188386,
          0.9817280814969913
        ]
      ],
      "t": [
        0.17875893874187274,
        0.004930814972314165,
        0.8140466516749836
      ],
      "f": 614.4,
      "n_pts_used": 23,
      "reproj_mean_px": 1.0195509131821356
    },
    "05_front_center.jpg": {
      "R": [
        [
          0.9957632038013724,
          0.0030347215600661183,
          -0.09190447443013322
        ],
        [
          -0.021071711400756605,
          0.9803906384290803,
          -0.1959341191810725
        ],
        [
          0.08950768086521615,
          0.1970405708113751,
          0.9763008698759095
        ]
      ],
      "t": [
        0.16545505533949037,
        -0.007044679673706639,
        0.3820335838533715
      ],
      "f": 892.8,
      "n_pts_used": 19,
      "reproj_mean_px": 4.836351315156046
    },
    "03_front_postcard.jpg": {
      "R": [
        [
          0.9929416653762398,
          0.001809226240254809,
          -0.11858994839474718
        ],
        [
          -0.001303870022721046,
          0.9999897372161201,
          0.004338823042989613
        ],
        [
          0.11859658124423773,
          -0.004153572299370992,
          0.9929338340263827
        ]
      ],
      "t": [
        0.09366851075834136,
        -0.043327796404697735,
        0.0437377988929004
      ],
      "f": 3600.0,
      "n_pts_used": 18,
      "reproj_mean_px": 9.617823255553812
    },
    "06_front_flags.jpg": {
      "R": [
        [
          0.9989870680390074,
          0.0007156060016675888,
          -0.04499250825278727
        ],
        [
          -0.005530676518526305,
          0.9942451013132292,
          -0.10698640162139317
        ],
        [
          0.04465702081503156,
          0.1071268706847028,
          0.9932419564583588
        ]
      ],
      "t": [
        -0.02839538985597248,
        0.010209485091476017,
        0.08685454502078405
      ],
      "f": 1143.6,
      "n_pts_used": 18,
      "reproj_mean_px": 3.9728554153250317
    },
    "12_front_trees.jpg": {
      "R": [
        [
          0.9966299427983455,
          -0.008826363033415085,
          -0.08155275858835027
        ],
        [
          0.002855142949568458,
          0.9973243751522768,
          -0.07304751115444469
        ],
        [
          0.08197929785320744,
          0.07256849207971465,
          0.9939885354875941
        ]
      ],
      "t": [
        0.06333150465391428,
        0.09881424390594797,
        -0.1325837318481617
      ],
      "f": 664.8,
      "n_pts_used": 12,
      "reproj_mean_px": 4.526642446282184
    },
    "13_front_heavy_trees.jpg": {
      "R": [
        [
          0.994453913896898,
          -0.0708315283791154,
          -0.07774514597465458
        ],
        [
          0.06675761437195625,
          0.996317282851035,
          -0.05380792521270154
        ],
        [
          0.08127013017404949,
          0.048319421352175505,
          0.9955201652712433
        ]
      ],
      "t": [
        0.002083129896646628,
        0.11231409444819167,
        -0.3240657062297153
      ],
      "f": 373.2,
      "n_pts_used": 10,
      "reproj_mean_px": 2.3197630911846923
    }
  }
}