{
  "frame": "object-centred: origin = point centroid; axes = point spread directions (X widest, Z least); scale arbitrary (no known length)",
  "cloud_extent_xyz": [
    0.4937328248905809,
    0.35529384880648995,
    0.17450887042771948
  ],
  "n_cameras": 12,
  "n_points": 27,
  "unregistered": [
    "09_diagonal_left_bw.jpg",
    "10_diagonal_left.jpg"
  ],
  "cameras": {
    "01_front_clean.jpg": {
      "R": [
        [
          0.13390829917574737,
          -0.9909914718279427,
          0.0021142791079663634
        ],
        [
          0.0008151738446654511,
          0.0022436435531345833,
          0.9999971507735458
        ],
        [
          -0.9909933919575155,
          -0.1339061941356498,
          0.0011082728202779224
        ]
      ],
      "t": [
        0.12836943258988037,
        -0.04926610032183671,
        1.6787378869029579
      ],
      "f": 1147.2,
      "center": [
        1.6464685808016986,
        0.3521169498948366,
        0.047134051569708756
      ],
      "reproj_mean_px": 4.759122557310216,
      "provisional": false
    },
    "04_front_elevated.jpg": {
      "R": [
        [
          0.28790119183251284,
          -0.9569125325797672,
          -0.037832641107840397
        ],
        [
          0.03272996817507834,
          -0.029650287856770773,
          0.9990243288395279
        ],
        [
          -0.9571006493178642,
          -0.28885855608201505,
          0.0227833635255284
        ]
      ],
      "t": [
        0.020721899839456576,
        -0.2171388177888814,
        3.0959090997055583
      ],
      "f": 910.8294197726906,
      "center": [
        2.964237696492265,
        0.9076706495050382,
        0.14717570344566147
      ],
      "reproj_mean_px": 5.603368077125229,
      "provisional": false
    },
    "14_front_pikiwiki.png": {
      "R": [
        [
          0.22750823486371755,
          -0.973736950255552,
          0.008738122007169016
        ],
        [
          0.023561990365484474,
          0.01447549787343999,
          0.9996175731605227
        ],
        [
          -0.9734910557777162,
          -0.22721534206195826,
          0.026236475610397755
        ]
      ],
      "t": [
        0.03099199764837405,
        -0.137795032648577,
        2.055812892696632
      ],
      "f": 780.2038028528598,
      "center": [
        1.9975112539444804,
        0.4992849346039792,
        0.08353423945427171
      ],
      "reproj_mean_px": 2.0048570032669644,
      "provisional": false
    },
    "02_front_wide.jpg": {
      "R": [
        [
          0.2828644180397909,
          -0.9591565495546396,
          0.002536622448925086
        ],
        [
          -0.004227651035030056,
          0.0013978377700052935,
          0.9999900864590084
        ],
        [
          -0.9591505867035356,
          -0.28287233780630927,
          -0.003659580612153568
        ]
      ],
      "t": [
        0.031028562758532247,
        -0.10637944961912016,
        3.0852952646797576
      ],
      "f": 686.8558126123359,
      "center": [
        2.950036151733638,
        0.9026546347484422,
        0.11759057400662577
      ],
      "reproj_mean_px": 3.771253510418022,
      "provisional": false
    },
    "05_front_center.jpg": {
      "R": [
        [
          0.15851244355908686,
          -0.9871693039141862,
          0.019250211596459933
        ],
        [
          0.1537233558598774,
          0.04393335183278472,
          0.9871367638072823
        ],
        [
          -0.9753168383146603,
          -0.15351425343048097,
          0.15871496115230407
        ]
      ],
      "t": [
        0.17643279372777085,
        -0.41202312139233693,
        2.0178831274464333
      ],
      "f": 820.2918311602082,
      "center": [
        2.0034461756041004,
        0.5020444167471538,
        0.08305855987064187
      ],
      "reproj_mean_px": 3.4619409446528895,
      "provisional": false
    },
    "03_front_postcard.jpg": {
      "R": [
        [
          0.22809033942647366,
          -0.9736308694332592,
          0.004210361855231462
        ],
        [
          -0.01591717263244943,
          0.0005949630654369561,
          0.9998731367700302
        ],
        [
          -0.9735098564861607,
          -0.22812842020578392,
          -0.01536174530150891
        ]
      ],
      "t": [
        0.04387231356179575,
        -0.10132565943458507,
        2.0720369654548882
      ],
      "f": 4247.878525744761,
      "center": [
        2.0055287399689563,
        0.5154662433593745,
        0.13295819073725845
      ],
      "reproj_mean_px": 1.6824607576856885,
      "provisional": false
    },
    "06_front_flags.jpg": {
      "R": [
        [
          0.18597714519293443,
          -0.9823580625739368,
          0.019624942340487013
        ],
        [
          0.032965470623108034,
          0.026200588473240013,
          0.999113010079567
        ],
        [
          -0.982000905912252,
          -0.18516523987951192,
          0.03725660649978288
        ]
      ],
      "t": [
        0.014825133303202759,
        -0.22751119818812288,
        2.5982641182204853
      ],
      "f": 1671.9274261264527,
      "center": [
        2.5562405956432794,
        0.5016327152265401,
        0.13021595182723303
      ],
      "reproj_mean_px": 2.413730567113433,
      "provisional": false
    },
    "12_front_trees.jpg": {
      "R": [
        [
          0.1965571112843956,
          -0.980367238478346,
          0.015664600916577513
        ],
        [
          -0.007745159689535951,
          0.014423304654499628,
          0.9998659814116226
        ],
        [
          -0.9804617863562647,
          -0.19665209381337748,
          -0.00475809771834054
        ]
      ],
      "t": [
        0.06803407714646117,
        -0.06011115930120216,
        1.9091391200738839
      ],
      "f": 830.6809273042154,
      "center": [
        1.8579997998695483,
        0.4430015872417936,
        0.06812124711247813
      ],
      "reproj_mean_px": 3.357907559425034,
      "provisional": false
    },
    "13_front_heavy_trees.jpg": {
      "R": [
        [
          0.2651293376225356,
          -0.9642125030925963,
          0.0008265662378894784
        ],
        [
          -0.040431899967225085,
          -0.01026105347597293,
          0.9991296073316033
        ],
        [
          -0.9633647781587596,
          -0.26493199063433864,
          -0.0417054497835813
        ]
      ],
      "t": [
        0.001965942341947538,
        -0.011635660842280043,
        2.4316256297516303
      ],
      "f": 666.1959572893974,
      "center": [
        2.3415508045046813,
        0.6459916106159107,
        0.11303594886090136
      ],
      "reproj_mean_px": 2.1169484911772556,
      "provisional": false
    },
    "07_diagonal_left.jpg": {
      "R": [
        [
          -0.3444213609375483,
          -0.9163267346269237,
          -0.20425288624126325
        ],
        [
          -0.004282655810370781,
          -0.21602873727412727,
          0.9763776131860851
        ],
        [
          -0.938805403152931,
          0.3371600511325525,
          0.07048059967932728
        ]
      ],
      "t": [
        0.20274023592423962,
        -0.06655120101315631,
        1.8031896656922473
      ],
      "f": 860.4,
      "center": [
        1.762387253147529,
        -0.4365641934434865,
        -0.02070050782890176
      ],
      "reproj_mean_px": 6.276256403459144,
      "provisional": false
    },
    "08_diagonal_right_soft.jpg": {
      "R": [
        [
          0.20781978585132296,
          -0.9756199173854584,
          0.07054582489064445
        ],
        [
          0.0033174701648375853,
          0.07282299465400824,
          0.9973393634271777
        ],
        [
          -0.9781615055809628,
          -0.20703281925920228,
          0.01837064912219596
        ]
      ],