{
  "seed_pair": [
    "01_front_clean.jpg",
    "04_front_elevated.jpg"
  ],
  "focal_assumption": {
    "01_front_clean.jpg": 1147.2,
    "04_front_elevated.jpg": 883.1999999999999,
    "note": "f = 1.2*max(w,h); two views do not fix focal - refine in Step 7"
  },
  "cameras": {
    "01_front_clean.jpg": {
      "R": [
        [
          1.0,
          0.0,
          0.0
        ],
        [
          0.0,
          1.0,
          0.0
        ],
        [
          0.0,
          0.0,
          1.0
        ]
      ],
      "t": [
        0.0,
        0.0,
        0.0
      ]
    },
    "04_front_elevated.jpg": {
      "R": [
        [
          0.9774981005881761,
          -0.03809764744432452,
          -0.20747537831202018
        ],
        [
          0.021361570622269614,
          0.9963772417820927,
          -0.08231692024886782
        ],
        [
          0.20985982618657087,
          0.07603263324334211,
          0.9747706868977059
        ]
      ],
      "t": [
        0.19932668687369728,
        -0.012488701015097109,
        0.9798535116265648
      ]
    }
  },
  "shared_point_ids": [
    "P0",
    "P1",
    "P2",
    "P3",
    "P4",
    "P5",
    "P10",
    "P11",
    "P12",
    "P13",
    "P14",
    "P15",
    "P16",
    "P17",
    "P18",
    "P19",
    "P20",
    "P21",
    "P28",
    "P29",
    "P30",
    "P31",
    "P32",
    "P33"
  ],
  "reprojection_error_px": {
    "img1_mean": 2.682978727179394,
    "img2_mean": 2.0183200974450557
  }
}